{"id":119,"collection":{"id":2,"name":"mammals","display":"Mammals","iconName":"mammals.png","taxonomyClass":"BIOLOGICAL","iconSrc":"/media/collection/mammals.png"},"state":"PUBLISHED","lastUpdated":"2019-09-22T04:33:38Z","rank":0,"name":"canis-lupus-lupus","display":"Eurasian wolf","definition":"A large wolf found in northern regions of North America and Eurasia, having fur that ranges in color from white to gray to almost black. Also called  timber wolf.","description":"<p>The Eurasian wolf, also known as the common wolf or Middle Russian forest wolf, is a subspecies of grey wolf native to Europe and the forest and steppe zones of the former Soviet Union.</p><p>It was once widespread throughout Eurasia prior to the Middle Ages.</p><p>Aside from an extensive paleontological and genetic record, Indo-European languages typically have several words for wolf, thus attesting to the animal's abundance and cultural significance.</p><p>It was held in high regard in Baltic, Celtic, Slavic, Turkic, ancient Greek, Roman, and Thracian cultures, whilst having an ambivalent reputation in early Germanic cultures.</p>","images":{"icon":{"imageKey":"icon","uploadDate":"2019-09-17T11:31:20Z","source":"https://upload.wikimedia.org/wikipedia/commons/d/dc/Eurasian_wolf.JPG","caption":null,"fileName":"icon.jpg","fileSize":567085,"width":1351,"height":1350,"src":"/media/atlas/mammals/canis-lupus-lupus/icon.jpg","path":"atlas/canis-lupus-lupus/icon.jpg"},"contextual":{"imageKey":"contextual","uploadDate":"2019-09-17T11:30:53Z","source":"https://upload.wikimedia.org/wikipedia/commons/d/dc/Eurasian_wolf.JPG","caption":null,"fileName":"contextual.jpg","fileSize":1774683,"width":3990,"height":2427,"src":"/media/atlas/mammals/canis-lupus-lupus/contextual.jpg","path":"atlas/canis-lupus-lupus/contextual.jpg"},"cover":{"imageKey":"cover","uploadDate":"2019-09-22T04:30:48Z","source":"http://www.cashadvance6online.com/data/archive/img/215038303.png","caption":null,"fileName":"cover.png","fileSize":1870565,"width":1280,"height":1322,"src":"/media/atlas/mammals/canis-lupus-lupus/cover.png","path":"atlas/canis-lupus-lupus/cover.png"}},"taxonomy":[{"name":"Kingdom","value":"Animalia"},{"name":"Phylum","value":"Chordata"},{"name":"Class","value":"Mammalia"},{"name":"Order","value":"Carnivora"},{"name":"Suborder","value":"Caniformia"},{"name":"Family","value":"Canidae"},{"name":"Genus","value":"Canis"},{"name":"Species","value":"Canis lupus"},{"name":"Subspecies","value":"Canis lupus lupus"}],"aliases":["Gray wolf","Timber wolf"],"spreading":[{"name":"Eurasia","area":"ALL"},{"name":"North America","area":"ALL"}],"startDate":null,"endDate":null,"sampleTitle":null,"sampleName":null,"waveformName":null,"samplePath":"atlas/canis-lupus-lupus/null","facts":{},"features":{},"links":[{"url":"https://en.wikipedia.org/wiki/Eurasian_wolf","domain":"wikipedia.org","display":"Wikipedia","description":"Wikipedia article about Eurasian wolf.","iconName":"wikipedia.png","features":"description","iconSrc":"/media/link/wikipedia.png","iconPath":"links/wikipedia.png"},{"url":"https://www.thefreedictionary.com/gray+wolf","domain":"thefreedictionary.com","display":"The Free Dictionary","description":"Gray wolf definition on dictionary.","iconName":"thefreedictionary.png","features":"definition","iconSrc":"/media/link/thefreedictionary.png","iconPath":"links/thefreedictionary.png"}],"related":[],"sampleInfo":null,"sampleSrc":null,"waveformSrc":null}