{"index":0,"rank":0,"name":"canis-lupus-lupus","display":"Eurasian wolf","definition":"A large wolf found in northern regions of North America and Eurasia, having fur that ranges in color from white to gray to almost black. Also called  timber wolf.","description":"<p>The Eurasian wolf, also known as the common wolf or Middle Russian forest wolf, is a subspecies of grey wolf native to Europe and the forest and steppe zones of the former Soviet Union.</p><p>It was once widespread throughout Eurasia prior to the Middle Ages.</p><p>Aside from an extensive paleontological and genetic record, Indo-European languages typically have several words for wolf, thus attesting to the animal's abundance and cultural significance.</p><p>It was held in high regard in Baltic, Celtic, Slavic, Turkic, ancient Greek, Roman, and Thracian cultures, whilst having an ambivalent reputation in early Germanic cultures.</p>","images":{"contextual":{"path":"atlas/canis-lupus-lupus/contextual.jpg","caption":null},"cover":{"path":"atlas/canis-lupus-lupus/cover.png","caption":null},"icon":{"path":"atlas/canis-lupus-lupus/icon.jpg","caption":null}},"taxonomy":[{"name":"Kingdom","value":"Animalia"},{"name":"Phylum","value":"Chordata"},{"name":"Class","value":"Mammalia"},{"name":"Order","value":"Carnivora"},{"name":"Suborder","value":"Caniformia"},{"name":"Family","value":"Canidae"},{"name":"Genus","value":"Canis"},{"name":"Species","value":"Canis lupus"},{"name":"Subspecies","value":"Canis lupus lupus"}],"aliases":["Gray wolf","Timber wolf"],"spreading":[{"name":"Eurasia","area":"ALL"},{"name":"North America","area":"ALL"}],"startDate":null,"endDate":null,"conservation":"LC","sampleTitle":null,"samplePath":"atlas/canis-lupus-lupus/null","facts":[],"features":{},"related":[],"links":[{"url":"https://en.wikipedia.org/wiki/Eurasian_wolf","display":"Wikipedia","description":"Wikipedia article about Eurasian wolf.","iconPath":"link/wikipedia.png"},{"url":"https://www.thefreedictionary.com/gray+wolf","display":"The Free Dictionary","description":"Gray wolf definition on dictionary.","iconPath":"link/thefreedictionary.png"}]}