{"index":3,"rank":0,"name":"ursus-arctos","display":"Brown bear","definition":"A large bear inhabiting western North America and northern Eurasia and having brown to yellowish fur. The brown bear is often divided into subspecies, including the grizzly and Kodiak bears.","description":"<p>The brown bear is a bear that is found across much of northern Eurasia and North America.</p><p>In North America, the populations of brown bears are often called grizzly bears.</p><p>It is one of the largest living terrestrial members of the order Carnivora, rivaled in size only by its closest relative, the polar bear, which is much less variable in size and slightly larger on average.</p>","images":{"cover":{"path":"atlas/ursus-arctos/cover.png","caption":null},"contextual":{"path":"atlas/ursus-arctos/contextual.jpg","caption":null},"featured":{"path":"atlas/ursus-arctos/featured.png","caption":null},"icon":{"path":"atlas/ursus-arctos/icon.jpg","caption":null}},"taxonomy":[{"name":"Kingdom","value":"Animalia"},{"name":"Phylum","value":"Chordata"},{"name":"Class","value":"Mammalia"},{"name":"Order","value":"Carnivora"},{"name":"Suborder","value":"Caniformia"},{"name":"Family","value":"Ursidae"},{"name":"Genus","value":"Ursus"},{"name":"Species","value":"Ursus arctos"}],"aliases":[],"spreading":[{"name":"Eurasia","area":"NORTH"},{"name":"North America","area":"ALL"}],"startDate":null,"endDate":null,"conservation":"LC","sampleTitle":null,"samplePath":"atlas/ursus-arctos/null","facts":[],"features":{},"related":[{"index":2,"display":"Black Bear","definition":"An omnivorous North American bear, living primarily in forests and having a glossy black or dark brown coat.","iconPath":"atlas/ursus-americanus/icon.jpg"},{"index":4,"display":"Grizzly bear","definition":"A brown bear of northwest North America having a grizzled appearance from the silver tips on the guard hairs, and often considered a subspecies.","iconPath":"atlas/ursus-arctos-horribilis/icon.jpg"}],"links":[{"url":"https://www.thefreedictionary.com/brown+bear","display":"The Free Dictionary","description":"Brown bear dictionary definition.","iconPath":"link/thefreedictionary.png"},{"url":"https://en.wikipedia.org/wiki/Brown_bear","display":"Wikipedia","description":"Wikipedia article about brown bear.","iconPath":"link/wikipedia.png"}]}