{"id":102,"collection":{"id":2,"name":"mammals","display":"Mammals","iconName":"mammals.png","taxonomyClass":"BIOLOGICAL","iconSrc":"/media/collection/mammals.png"},"state":"PUBLISHED","lastUpdated":"2019-09-22T04:33:18Z","rank":0,"name":"ursus-arctos","display":"Brown bear","definition":"A large bear inhabiting western North America and northern Eurasia and having brown to yellowish fur. The brown bear is often divided into subspecies, including the grizzly and Kodiak bears.","description":"<p>The brown bear is a bear that is found across much of northern Eurasia and North America.</p><p>In North America, the populations of brown bears are often called grizzly bears.</p><p>It is one of the largest living terrestrial members of the order Carnivora, rivaled in size only by its closest relative, the polar bear, which is much less variable in size and slightly larger on average.</p>","images":{"icon":{"imageKey":"icon","uploadDate":"2019-09-11T20:37:57Z","source":null,"caption":null,"fileName":"icon.jpg","fileSize":78423,"width":370,"height":370,"src":"/media/atlas/mammals/ursus-arctos/icon.jpg","path":"atlas/ursus-arctos/icon.jpg"},"contextual":{"imageKey":"contextual","uploadDate":"2019-09-11T19:31:13Z","source":null,"caption":null,"fileName":"contextual.jpg","fileSize":128934,"width":600,"height":500,"src":"/media/atlas/mammals/ursus-arctos/contextual.jpg","path":"atlas/ursus-arctos/contextual.jpg"},"cover":{"imageKey":"cover","uploadDate":"2019-09-11T19:29:45Z","source":null,"caption":null,"fileName":"cover.png","fileSize":824356,"width":470,"height":1050,"src":"/media/atlas/mammals/ursus-arctos/cover.png","path":"atlas/ursus-arctos/cover.png"}},"taxonomy":[{"name":"Kingdom","value":"Animalia"},{"name":"Phylum","value":"Chordata"},{"name":"Class","value":"Mammalia"},{"name":"Order","value":"Carnivora"},{"name":"Suborder","value":"Caniformia"},{"name":"Family","value":"Ursidae"},{"name":"Genus","value":"Ursus"},{"name":"Species","value":"Ursus arctos"}],"aliases":[],"spreading":[{"name":"Eurasia","area":"NORTH"},{"name":"North America","area":"ALL"}],"startDate":null,"endDate":null,"sampleTitle":null,"sampleName":null,"waveformName":null,"samplePath":"atlas/ursus-arctos/null","facts":{},"features":{},"links":[{"url":"https://www.thefreedictionary.com/brown+bear","domain":"thefreedictionary.com","display":"The Free Dictionary","description":"Brown bear dictionary definition.","iconName":"thefreedictionary.png","features":"definition","iconSrc":"/media/link/thefreedictionary.png","iconPath":"links/thefreedictionary.png"},{"url":"https://en.wikipedia.org/wiki/Brown_bear","domain":"wikipedia.org","display":"Wikipedia","description":"Wikipedia article about brown bear.","iconName":"wikipedia.png","features":"description","iconSrc":"/media/link/wikipedia.png","iconPath":"links/wikipedia.png"}],"related":["ursus-americanus","ursus-arctos-horribilis"],"sampleInfo":null,"sampleSrc":null,"waveformSrc":null}