{"index":4,"rank":0,"name":"ursus-arctos-horribilis","display":"Grizzly bear","definition":"A brown bear of northwest North America having a grizzled appearance from the silver tips on the guard hairs, and often considered a subspecies.","description":"<p>The grizzly bear, also known as the North American brown bear, is a large population of the brown bear inhabiting North America.</p><p>These huge animals originate from Europe and Asia, but today they can be found only in North America and Canada.</p><p>They live in woodlands, forests and valleys near rivers.</p><p>During 1970s number of grizzly bears dropped significantly because of the mass hunt.</p><p>Since that time, hunting of bears is prevented by law, and their number gradually increased in time.</p><p>Today, grizzly bear is \"threatened\" species which means almost endangered.</p>","images":{"cover":{"path":"atlas/ursus-arctos-horribilis/cover.png","caption":null},"contextual":{"path":"atlas/ursus-arctos-horribilis/contextual.jpg","caption":null},"featured":{"path":"atlas/ursus-arctos-horribilis/featured.png","caption":"Grizzly sow and cubs near Fishing Bridge in Yellowstone National Park."},"icon":{"path":"atlas/ursus-arctos-horribilis/icon.jpg","caption":null}},"taxonomy":[{"name":"Kingdom","value":"Animalia"},{"name":"Phylum","value":"Chordata"},{"name":"Class","value":"Mammalia"},{"name":"Order","value":"Carnivora"},{"name":"Suborder","value":"Caniformia"},{"name":"Family","value":"Ursidae"},{"name":"Genus","value":"Ursus"},{"name":"Species","value":"Ursus arctos"},{"name":"Subspecies","value":"Ursus arctos horribilis"}],"aliases":["North American brown bear","Silvertip"],"spreading":[{"name":"North America","area":"ALL"}],"startDate":null,"endDate":null,"conservation":"NT","sampleTitle":null,"samplePath":"atlas/ursus-arctos-horribilis/null","facts":[{"name":"Male grizzly is solitary animal (it prefers lonely life)","value":"Male grizzly is solitary animal (it prefers lonely life). They can be seen in large groups during migratory season of salmon. Bears will enter the shallow water and catch the fish when they jump out of the water."},{"name":"Hibernation lasts between 5 and 8 months","value":"Hibernation lasts between 5 and 8 months. During hibernation, their metabolic processes, breathing and heart rate will slow down and they will survive solely on their fat reserves. During hibernation, grizzly can wake up at any time."},{"name":"Grizzly lives up to 30 years in the wild and up to 40 years in c","value":"Grizzly lives up to 30 years in the wild and up to 40 years in captivity."},{"name":"Grizzly has 3-4 feet in height when it is on all four legs","value":"Grizzly has 3-4 feet in height when it is on all four legs. It can be up to 8 feet tall when it stands on back feet."},{"name":"Mating season lasts from late spring to early summer","value":"Mating season lasts from late spring to early summer, but females become pregnant when they enter hibernation. They give birth to 2 cubs few months before the hibernation ends."},{"name":"Cubs will stay with their mother 2-4 years","value":"Cubs will stay with their mother 2-4 years. She is very protective and if you come close to her cubs she can easily kill you."},{"name":"Grizzly bears use growls","value":"Grizzly bears use growls, roars and snorts to communicate with each other."},{"name":"Bears are excellent swimmers","value":"Bears are excellent swimmers. They are also fast runners; they can run up to 30 miles per hour."},{"name":"Grizzly bear is huge animal","value":"Grizzly bear is huge animal. Most bears weigh between 300 and 800 pounds, but some captured animals weighed up to 1400 pounds."},{"name":"Although grizzly bears are large animals","value":"Although grizzly bears are large animals, 75% of their diet is comprised of berries, leaves and nuts. They also like to eat fish, rodents and moose. Animals that eat plants and animals are called \"omnivores\"."},{"name":"They will eat up to 25 fish per day when they are preparing for ","value":"They will eat up to 25 fish per day when they are preparing for hibernation to gain as much fat reserves as possible (up to 3 pounds per day)."},{"name":"You can recognize grizzly bears by the hump on their back","value":"You can recognize grizzly bears by the hump on their back. Hump is made of muscles."},{"name":"Cubs can climb trees when they are young","value":"Cubs can climb trees when they are young. After few years they will lose this ability because of their long claws. Bear's claw is long like human's finger."},{"name":"They have perfect eyesight and excellent sense of smell","value":"They have perfect eyesight and excellent sense of smell. They will detect smell better than hound dog."},{"name":"Grizzly bear has brown fur","value":"Grizzly bear has brown fur, but hairs on the shoulders and back have white tops which give them \"grizzled\" look. That is why they are known as grizzly bears."}],"features":{},"related":[{"index":0,"display":"Eurasian wolf","definition":"A large wolf found in northern regions of North America and Eurasia, having fur that ranges in color from white to gray to almost black. Also called  timber wolf.","iconPath":"atlas/canis-lupus-lupus/icon.jpg"},{"index":2,"display":"Black Bear","definition":"An omnivorous North American bear, living primarily in forests and having a glossy black or dark brown coat.","iconPath":"atlas/ursus-americanus/icon.jpg"},{"index":3,"display":"Brown bear","definition":"A large bear inhabiting western North America and northern Eurasia and having brown to yellowish fur. The brown bear is often divided into subspecies, including the grizzly and Kodiak bears.","iconPath":"atlas/ursus-arctos/icon.jpg"}],"links":[{"url":"https://www.thefreedictionary.com/grizzly+bear","display":"The Free Dictionary","description":"Grizzly bear definition on dictionary.","iconPath":"link/thefreedictionary.png"},{"url":"https://en.wikipedia.org/wiki/Grizzly_bear","display":"Wikipedia","description":"Wikipedia article about grizzly bear.","iconPath":"link/wikipedia.png"},{"url":"http://www.softschools.com/facts/animals/grizzly_bear_facts/24/","display":"Soft Schools","description":"Grizzly bear facts.","iconPath":"link/softschools.png"}]}