{"index":1,"rank":0,"name":"panthera-leo","display":"Lion","definition":"A large carnivorous feline mammal of Africa and northwest India, having a short tawny coat, a tufted tail, and, in the male, a heavy mane around the neck and shoulders.","description":"<p>The lion is a species in the family Felidae; it is a muscular, deep-chested cat with a short, rounded head, a reduced neck and round ears, and a hairy tuft at the end of its tail.</p><p>It is sexually dimorphic; male lions have a prominent mane, which is the most recognisable feature of the species.</p><p>With a typical head-to-body length of 184–208 cm (72–82 in) they are larger than females at 160–184 cm (63–72 in).</p><p>It is a social species, forming groups called prides.</p><p>A lion pride consists of a few adult males, related females and cubs.</p><p>Groups of female lions usually hunt together, preying mostly on large ungulates.</p><p>The lion is an apex and keystone predator, although some lions scavenge when opportunities occur, and have been known to hunt humans, although the species typically does not.</p>","images":{"contextual":{"path":"atlas/panthera-leo/contextual.jpg","caption":null},"cover":{"path":"atlas/panthera-leo/cover.png","caption":null},"icon":{"path":"atlas/panthera-leo/icon.jpg","caption":null}},"taxonomy":[{"name":"Kingdom","value":"Animalia"},{"name":"Phylum","value":"Chordata"},{"name":"Class","value":"Mammalia"},{"name":"Order","value":"Carnivora"},{"name":"Suborder","value":"Feliformia"},{"name":"Family","value":"Felidae"},{"name":"Genus","value":"Panthera"},{"name":"Species","value":"Panthera leo"}],"aliases":[],"spreading":[{"name":"India","area":"WEST"},{"name":"Sub-Saharan Africa","area":"ALL"}],"startDate":null,"endDate":null,"conservation":"VU","sampleTitle":null,"samplePath":"atlas/panthera-leo/null","facts":[{"name":"Lion back teeth are called carnassals and they work like a pair ","value":"Lion back teeth are called carnassals and they work like a pair of scissors. Chopped meat will be swallowed without chewing."},{"name":"Lions are easily recognized by their manes","value":"Lions are easily recognized by their manes. Larger and darker mane suggests that lion is very strong and other lions often avoid him. Lionesses react differently - they are attracted by the large and dark manes."},{"name":"When new lion take over a pride","value":"When new lion take over a pride, it kills all cubs that are not his own. In the wild, ¾ of cubs die at young age."},{"name":"Lions live up to 15 years in the wild","value":"Lions live up to 15 years in the wild, while they can survive 25-30 years in captivity. Number of lions decreased drastically in the past couple of decades. They are one of the well known endangered animal species."},{"name":"When lion and tiger mate","value":"When lion and tiger mate, new type of animal named liger is created. Liger has stripes like tiger, but the color of its fur is pale compared to tiger's fur."},{"name":"Lioness will give birth to 1-3 cubs each 2 years","value":"Lioness will give birth to 1-3 cubs each 2 years. Cubs have spots at birth, but they disappear in time."},{"name":"When young males reach maturity","value":"When young males reach maturity, older males will kick them out of the pride. When they wander on their own, young lions are known as nomads. If they manage to survive and gain strength, they will battle with other lions to take over a pride for themselves."},{"name":"During one meal","value":"During one meal, lions can eat up to 40 pounds of meat. After they fill their bellies, lions will snooze more than 20 hours."},{"name":"Porcupine is one of the worst enemies of lions","value":"Porcupine is one of the worst enemies of lions. Their sharp quills can be stuck in the lion's jaw for the rest of his life."},{"name":"Lions act like scavengers and often attack hyenas and steal thei","value":"Lions act like scavengers and often attack hyenas and steal their prey."},{"name":"Until they reach 2 years","value":"Until they reach 2 years, lions can't roar. Once they learn how to vocalize, their roars can be heard on the distance of up to 5 miles."},{"name":"Lions are carnivores and they hunt mostly antelopes","value":"Lions are carnivores and they hunt mostly antelopes, zebras and wildebeests. Although lions are larger and stronger, lionesses are in charge for the hunt."},{"name":"Lions have retractable claws","value":"Lions have retractable claws, which mean that they could \"hide\" their claws during the play and avoid hurting each other."},{"name":"Long tail provides balance when lions are running","value":"Long tail provides balance when lions are running, but it can be also used to signalize various commands to other members of the pride: \"come\", \"I am flirting with you\", \"go this way\"…"},{"name":"When lion and lioness meet","value":"When lion and lioness meet, they greet each other by rubbing. During this process, they exchange scents."}],"features":{},"related":[],"links":[{"url":"https://en.wikipedia.org/wiki/Lion","display":"Wikipedia","description":"Wikipedia article about lion.","iconPath":"link/wikipedia.png"},{"url":"http://www.softschools.com/facts/animals/lion_facts/2/","display":"Soft Schools","description":"Lion facts.","iconPath":"link/softschools.png"},{"url":"https://www.thefreedictionary.com/lion","display":"The Free Dictionary","description":"Lion definition on dictionary.","iconPath":"link/thefreedictionary.png"}]}