{"index":2,"rank":0,"name":"ursus-americanus","display":"Black Bear","definition":"An omnivorous North American bear, living primarily in forests and having a glossy black or dark brown coat.","description":"<p>The American black bear is a medium-sized bear native to North America.</p><p>It is the continent's smallest and most widely distributed bear species.</p><p>American black bears are omnivores, with their diets varying greatly depending on season and location.</p><p>They typically live in largely forested areas, but do leave forests in search of food.</p><p>Sometimes they become attracted to human communities because of the immediate availability of food.</p><p>The American black bear is the world's most common bear species.</p>","images":{"contextual":{"path":"atlas/ursus-americanus/contextual.jpg","caption":null},"cover":{"path":"atlas/ursus-americanus/cover.png","caption":null},"icon":{"path":"atlas/ursus-americanus/icon.jpg","caption":null}},"taxonomy":[{"name":"Kingdom","value":"Animalia"},{"name":"Phylum","value":"Chordata"},{"name":"Class","value":"Mammalia"},{"name":"Order","value":"Carnivora"},{"name":"Suborder","value":"Caniformia"},{"name":"Family","value":"Ursidae"},{"name":"Genus","value":"Ursus"},{"name":"Species","value":"Ursus americanus"}],"aliases":[],"spreading":[{"name":"America","area":"NORTH"}],"startDate":null,"endDate":null,"conservation":"LC","sampleTitle":null,"samplePath":"atlas/ursus-americanus/null","facts":[{"name":"Mating  season of black bears takes place during the summer (fro","value":"Mating  season of black bears takes place during the summer (from June to July)."},{"name":"Black bear produces 20 different sounds which reflect 8 differen","value":"Black bear produces 20 different sounds which reflect 8 different emotional states. Grunting sounds can be heard when black bear is relaxed, and loud, blowing noise when it is scared."},{"name":"Young black bears depend on the mother's milk until the age of 3","value":"Young black bears depend on the mother's milk until the age of 30 weeks, but they stay with their mother much longer, usually until the age of 16 to 18 months. Black bears reach sexual maturity at the age of 3 years."},{"name":"Black bear is territorial animal","value":"Black bear is territorial animal. Males occupy territory of 15 to 80 square miles and use teeth and claws to mark trees on their territory."},{"name":"Black bear can easily open the jars and door latches using its s","value":"Black bear can easily open the jars and door latches using its skillful front paws."},{"name":"Black bear is excellent swimmer and agile climber (thanks to its","value":"Black bear is excellent swimmer and agile climber (thanks to its short claws). It usually walks slowly, but it can reach the speed of 25 to 30 miles per hour when needed."},{"name":"Black bear has brown muzzle and white markings on the chest","value":"Black bear has brown muzzle and white markings on the chest. Despite its name, black bear can be white, light brown, dark brown, cinnamon, bluish-black or black colored."},{"name":"Female produces offspring once every two years","value":"Female produces offspring once every two years. Pregnancy lasts 63 to 70 days and ends with 1 to 6 cubs (2 to 3 on average). Babies are blind and helpless at birth. They remain hidden inside a den until the spring."},{"name":"Black bear is solitary creature","value":"Black bear is solitary creature."},{"name":"Black bear spends winter in the caves","value":"Black bear spends winter in the caves, burrows and other secluded areas. It consumes huge quantities of food during the summer and autumn to build fat reserves that are used as a source of energy during winter hibernation which can last up to 7 months."},{"name":"Black bear is an omnivore","value":"Black bear is an omnivore. It likes to eat fruit, acorns, nuts, insects, honey, salmon, small mammals, calves of deer and moose and human garbage."},{"name":"Black bear can survive up to 30 years in the wild (18 years is a","value":"Black bear can survive up to 30 years in the wild (18 years is an average lifespan)."},{"name":"Black bear has better eyesight and sense of hearing than humans","value":"Black bear has better eyesight and sense of hearing than humans, and 7 times stronger sense of smell than dogs."},{"name":"Black bear has narrow muzzle","value":"Black bear has narrow muzzle, broad skull, small, rounded ears and massive body. Its large paws are equipped with non-retractable claws."},{"name":"Black bear can reach 4 to 7 feet in length and 150 to 300 (or ra","value":"Black bear can reach 4 to 7 feet in length and 150 to 300 (or rarely up to 500) pounds of weight. Males are much larger than females."}],"features":{},"related":[],"links":[{"url":"https://en.wikipedia.org/wiki/American_black_bear","display":"Wikipedia","description":"Wikipedia article about black bear.","iconPath":"link/wikipedia.png"},{"url":"https://www.thefreedictionary.com/black+bear","display":"The Free Dictionary","description":"Black bear dictionary definition.","iconPath":"link/thefreedictionary.png"},{"url":"http://www.softschools.com/facts/animals/black_bear_facts/2344/","display":"Soft Schools","description":"Facts about black bear.","iconPath":"link/softschools.png"}]}